,Training accuracy using Polynomial Kernel,Testing accuracy using Polynomial Kernel
0,0.5422620652466972,0.5424192665571976
1,0.5636290105149636,0.5621237000547346
2,0.6546238878403883,0.6423097974822113
3,0.7450121326503101,0.7282430213464697
4,0.8042599083310865,0.7597153804050356
5,0.8837287678619574,0.7922824302134647
