,Training accuracy using Polynomial Kernel,Testing accuracy using Polynomial Kernel
0,0.5439471555675384,0.5433771209633279
1,0.5647748719331356,0.562807881773399
2,0.6288757077379348,0.6161740558292282
3,0.7244540307360474,0.694991789819376
4,0.7969803181450525,0.743431855500821
5,0.8784038824480992,0.7796934865900383
