,Training accuracy using Polynomial Kernel,Testing accuracy using Polynomial Kernel
0,0.5411836074413588,0.5414614121510674
1,0.5556753842005931,0.5537766830870279
2,0.6465354543003505,0.6409414340448824
3,0.7405634942032893,0.7272851669403394
4,0.8031814505257482,0.7649151614668857
5,0.8713939067133999,0.7961138478379858
