,Training accuracy using Polynomial Kernel,Testing accuracy using Polynomial Kernel
0,0.5464410892423834,0.5448823207443897
1,0.5703019681854947,0.5643130815544609
2,0.6340657859261256,0.6135741652983032
3,0.7243866271232138,0.6938970990695129
4,0.7975869506605554,0.738232074438971
5,0.8736182259369102,0.7698412698412699
