,Training accuracy using Polynomial Kernel,Testing accuracy using Polynomial Kernel
0,0.5516830690152322,0.5486128785950624
1,0.5850310286466496,0.5795367778060575
2,0.6378737541528239,0.6226775260880631
3,0.726759857080173,0.6980147620259608
4,0.7796025825863474,0.7311020615932807
5,0.8597755907979691,0.760753372359379
