,Training accuracy using Polynomial Kernel,Testing accuracy using Polynomial Kernel
0,0.5467310223782361,0.5468312547722066
1,0.5563843791136464,0.5540850089081191
2,0.6563655738732527,0.6505472130313057
3,0.7329029022754341,0.7219394247900229
4,0.7876888359556197,0.7527360651565284
5,0.852316178775152,0.7797149401883431
