,Training accuracy using Polynomial Kernel,Testing accuracy using Polynomial Kernel
0,0.5491130194947659,0.5472130313056758
1,0.5775716166238325,0.5745736828709596
2,0.6354917570362941,0.6261135148892848
3,0.7240644392904156,0.7000509035377959
4,0.7804174763367392,0.7340290150165436
5,0.8636620071459914,0.7635530669381522
