,Training accuracy using Polynomial Kernel,Testing accuracy using Polynomial Kernel
0,0.5475459161286278,0.5468312547722066
1,0.5750015671033661,0.572283023670145
2,0.6606280950291481,0.6525833545431408
3,0.7390459474706952,0.720666836345126
4,0.7895693599949852,0.747518452532451
5,0.8652917946467749,0.7767879867650802
