,Training accuracy using Polynomial Kernel,Testing accuracy using Polynomial Kernel
0,0.5037364403374849,0.5165552112216604
1,0.5229409401366011,0.5313978143859077
2,0.7187625552430695,0.703637253302887
3,0.7616713539574126,0.7378894144511499
4,0.8174367215749296,0.7768716359484586
5,0.8783447167537164,0.7941608220518676
