,Training accuracy using Polynomial Kernel,Testing accuracy using Polynomial Kernel
0,0.5044596223382884,0.5172076333387702
1,0.5610285255122539,0.5645082368292285
2,0.731378063479309,0.717664328820747
3,0.7742065086380072,0.7465340075028544
4,0.8187223784652471,0.7638231936062633
5,0.8947368421052632,0.7939977165225901
