,Training accuracy using Polynomial Kernel,Testing accuracy using Polynomial Kernel
0,0.5077541181197268,0.5198173218072093
1,0.5656086781840096,0.561735442831512
2,0.687906789875452,0.6688957755667917
3,0.7553234230614705,0.717664328820747
4,0.8069907593411009,0.7395204697439243
5,0.8895138609883487,0.7776871635948459
