,Training accuracy using Polynomial Kernel,Testing accuracy using Polynomial Kernel
0,0.5063077541181197,0.5193280052193769
1,0.5608678184009642,0.5607568096558473
2,0.7079148252310165,0.6914043386070787
3,0.751145038167939,0.719132278584244
4,0.8065086380072318,0.74490295221008
5,0.8947368421052632,0.788778339585712
