,Training accuracy using Polynomial Kernel,Testing accuracy using Polynomial Kernel
0,0.5337360740624509,0.5435578913839784
1,0.5384434332339557,0.547857939162287
2,0.6321983367330928,0.6381589425067686
3,0.7327789110309116,0.7190635451505016
4,0.8086458496783304,0.7689122471731168
5,0.8674878393221402,0.7928014014970537
