,Training accuracy using Polynomial Kernel,Testing accuracy using Polynomial Kernel
0,0.5342852659657932,0.5437171524128046
1,0.5433861603640358,0.5521579869405956
2,0.6434175427585125,0.6467590380633859
3,0.7434489251529892,0.7268673355629878
4,0.8175113761179978,0.7698678133460742
5,0.8814530048642711,0.7932791845835324
