,Training accuracy using Polynomial Kernel,Testing accuracy using Polynomial Kernel
0,0.5352267378000941,0.544672718585762
1,0.5473874156598149,0.5545469023729893
2,0.6183900831633453,0.6145883102404841
3,0.7189706574611643,0.6913521261347348
4,0.7989173073905539,0.7474120082815735
5,0.885218892201475,0.781971651536869
