,Training accuracy using Polynomial Kernel,Testing accuracy using Polynomial Kernel
0,0.5397771849992155,0.5476986781334607
1,0.5537423505413464,0.5590062111801242
2,0.6224697944453161,0.6144290492116579
3,0.7181076416130551,0.6891224717311674
4,0.7992311313353209,0.7410415671285236
5,0.8825513886709556,0.7784679089026915
