,Training accuracy using Polynomial Kernel,Testing accuracy using Polynomial Kernel
0,0.5086919652321391,0.48913277383258014
1,0.53625185499258,0.5162470411017861
2,0.6773372906508374,0.6511727996556919
3,0.7631969472122111,0.727996556918442
4,0.8240407038371846,0.7663008392511298
5,0.8970744117023531,0.8007316548310738
