,Training accuracy using Polynomial Kernel,Testing accuracy using Polynomial Kernel
0,0.5076319694721221,0.4876264256509576
1,0.5137799448802205,0.4962341295459436
2,0.6723553105787576,0.6524639552399397
3,0.7524909900360398,0.7249838605551969
4,0.8206487174051303,0.7826554766516032
5,0.8822344710621157,0.7979341510652034
