,Training accuracy using Polynomial Kernel,Testing accuracy using Polynomial Kernel
0,0.5129319482722069,0.4914998924037013
1,0.5513037947848208,0.5287282117495158
2,0.6263514945940216,0.592640413169787
3,0.7424210303158787,0.6853884226382613
4,0.7996608013567946,0.7208952012050786
5,0.8858384566461734,0.7744781579513664
