,Training accuracy using Polynomial Kernel,Testing accuracy using Polynomial Kernel
0,0.5102819588721645,0.4893479664299548
1,0.5385838456646174,0.5205508930492792
2,0.6248675005299978,0.5954379169356574
3,0.7348950604197583,0.6881859264041317
4,0.8033707865168539,0.7398321497740478
5,0.8952724189103244,0.7893264471702174
