,Training accuracy using Polynomial Kernel,Testing accuracy using Polynomial Kernel
0,0.5427085638415579,0.5409836065573771
1,0.5442575791104226,0.5430047159218504
2,0.6159548572693073,0.6101504603637997
3,0.7340119495463598,0.7165955535593982
4,0.8112414250940474,0.7680215584998877
5,0.8857048019473335,0.7994610375028071
