,Training accuracy using Polynomial Kernel,Testing accuracy using Polynomial Kernel
0,0.5435937154237663,0.5409836065573771
1,0.5565390573135649,0.5513137210869077
2,0.6116397433060412,0.6020660229059062
3,0.7157556981633104,0.6844823714349877
4,0.8031644169063952,0.7430945430047159
5,0.896437264881611,0.7889063552661127
