,Training accuracy using Polynomial Kernel,Testing accuracy using Polynomial Kernel
0,0.54292985173711,0.5409836065573771
1,0.5533303828280594,0.547945205479452
2,0.6235892896658553,0.6195823040646755
3,0.7387696393007303,0.7156972827307433
4,0.820203584863908,0.7691443970357063
5,0.8953308254038504,0.8037278239389176
