,Training accuracy using Polynomial Kernel,Testing accuracy using Polynomial Kernel
0,0.545032086744855,0.5423310128003593
1,0.5615180349634875,0.5540085335728723
2,0.6201593272847975,0.6034134291488884
3,0.7176366452755034,0.6777453402200764
4,0.8013941137419783,0.7390523242757692
5,0.8973224164638194,0.7875589490231305
