,Training accuracy using Polynomial Kernel,Testing accuracy using Polynomial Kernel
0,0.5390698297815306,0.5239390642002176
1,0.5610507974802306,0.5386289445048966
2,0.6214984586516553,0.5933079434167573
3,0.7267122369655542,0.7029379760609358
4,0.794129473260957,0.7396626768226333
5,0.890363222088192,0.7831882480957563
