,Training accuracy using Polynomial Kernel,Testing accuracy using Polynomial Kernel
0,0.5345127998927758,0.5206746463547334
1,0.5375954965822276,0.5225788900979326
2,0.6193539739981235,0.6036452665941241
3,0.730331054818389,0.720348204570185
4,0.8206674708484117,0.7704026115342764
5,0.9034981905910736,0.7957018498367792
