,Training accuracy using Polynomial Kernel,Testing accuracy using Polynomial Kernel
0,0.5378635571639191,0.5217627856365615
1,0.5493901621766519,0.5345484221980413
2,0.6150650046910602,0.5889553862894451
3,0.7232274494035652,0.704842219804135
4,0.7962739579144886,0.7472796517954298
5,0.9020238573917705,0.7905331882480957
