,Training accuracy using Polynomial Kernel,Testing accuracy using Polynomial Kernel
0,0.536389223964616,0.5212187159956474
1,0.5401420721082965,0.5258433079434167
2,0.6386543358799088,0.6245919477693145
3,0.7454764776839565,0.7241566920565833
4,0.817048652995577,0.7671381936887922
5,0.9120761292052004,0.8005984766050055
